{"cameraMode":{"drawMode":0,"name":"Shaded","section":"Shading Mode"},"sceneLighting":false,"audioPlay":false,"sceneViewState":{"showFog":true,"showMaterialUpdate":false,"showSkybox":true,"showFlares":true,"showImageEffects":true,"showParticleSystems":true},"in2DMode":false,"pivot":{"x":-35.06779479980469,"y":55.28213882446289,"z":13.735296249389649},"rotation":{"x":-0.0301407128572464,"y":0.48578739166259768,"z":0.01676538959145546,"w":0.8733962774276733},"size":28.24485206604004,"orthographic":false}