{"cameraMode":{"drawMode":0,"name":"Shaded","section":"Shading Mode"},"sceneLighting":false,"audioPlay":false,"sceneViewState":{"showFog":true,"showMaterialUpdate":false,"showSkybox":true,"showFlares":true,"showImageEffects":true,"showParticleSystems":true},"in2DMode":false,"pivot":{"x":-1.5487329959869385,"y":4.517482757568359,"z":-5.573910713195801},"rotation":{"x":0.025015095248818399,"y":-0.841958224773407,"z":0.039180781692266467,"w":0.53753662109375},"size":2.806346893310547,"orthographic":false}