{"cameraMode":{"drawMode":0,"name":"Shaded","section":"Shading Mode"},"sceneLighting":false,"audioPlay":false,"sceneViewState":{"showFog":true,"showMaterialUpdate":false,"showSkybox":true,"showFlares":true,"showImageEffects":true,"showParticleSystems":true},"in2DMode":false,"pivot":{"x":-5.7851667404174809,"y":43.16987228393555,"z":0.3082551956176758},"rotation":{"x":0.11813068389892578,"y":0.20022538304328919,"z":-0.024327393621206285,"w":0.9722979068756104},"size":2.8578836917877199,"orthographic":false}