{"cameraMode":{"drawMode":0,"name":"Shaded","section":"Shading Mode"},"sceneLighting":false,"audioPlay":false,"sceneViewState":{"showFog":true,"showMaterialUpdate":false,"showSkybox":true,"showFlares":true,"showImageEffects":true,"showParticleSystems":true},"in2DMode":false,"pivot":{"x":0.829789400100708,"y":0.14223885536193849,"z":0.860113799571991},"rotation":{"x":0.1584058403968811,"y":-0.09994577616453171,"z":0.01611846499145031,"w":0.9821704030036926},"size":1.9578838348388672,"orthographic":false}