{"cameraMode":{"drawMode":0,"name":"Shaded","section":"Shading Mode"},"sceneLighting":false,"audioPlay":false,"sceneViewState":{"showFog":true,"showMaterialUpdate":false,"showSkybox":true,"showFlares":true,"showImageEffects":true,"showParticleSystems":true},"in2DMode":false,"pivot":{"x":-41.0,"y":39.08087158203125,"z":10.44936466217041},"rotation":{"x":0.09592065215110779,"y":0.48910820484161379,"z":-0.054220050573349,"w":0.8652355670928955},"size":6.8579182624816898,"orthographic":false}