{"cameraMode":{"drawMode":0,"name":"Shaded","section":"Shading Mode"},"sceneLighting":false,"audioPlay":false,"sceneViewState":{"showFog":true,"showMaterialUpdate":false,"showSkybox":true,"showFlares":true,"showImageEffects":true,"showParticleSystems":true},"in2DMode":false,"pivot":{"x":-35.845909118652347,"y":36.89456558227539,"z":4.519093990325928},"rotation":{"x":0.19539351761341096,"y":0.578900933265686,"z":-0.1453552395105362,"w":0.7781818509101868},"size":26.325618743896486,"orthographic":false}