{"cameraMode":{"drawMode":0,"name":"Shaded","section":"Shading Mode"},"sceneLighting":false,"audioPlay":false,"sceneViewState":{"showFog":true,"showMaterialUpdate":false,"showSkybox":true,"showFlares":true,"showImageEffects":true,"showParticleSystems":true},"in2DMode":false,"pivot":{"x":-50.149837493896487,"y":42.550079345703128,"z":3.0705175399780275},"rotation":{"x":-0.17043334245681764,"y":0.4414987862110138,"z":-0.08582530170679093,"w":-0.8767356276512146},"size":7.119930744171143,"orthographic":false}