{"cameraMode":{"drawMode":0,"name":"Shaded","section":"Shading Mode"},"sceneLighting":false,"audioPlay":false,"sceneViewState":{"showFog":true,"showMaterialUpdate":false,"showSkybox":true,"showFlares":true,"showImageEffects":true,"showParticleSystems":true},"in2DMode":false,"pivot":{"x":8.87559986114502,"y":5.5838942527771,"z":10.283318519592286},"rotation":{"x":-0.13798828423023225,"y":-0.6825889945030212,"z":0.13361811637878419,"w":-0.7051083445549011},"size":11.431534767150879,"orthographic":false}