{"cameraMode":{"drawMode":0,"name":"Shaded","section":"Shading Mode"},"sceneLighting":false,"audioPlay":false,"sceneViewState":{"showFog":true,"showMaterialUpdate":false,"showSkybox":true,"showFlares":true,"showImageEffects":true,"showParticleSystems":true},"in2DMode":false,"pivot":{"x":1.8951797485351563,"y":2.7431583404541017,"z":7.726683616638184},"rotation":{"x":0.049563296139240268,"y":-0.9415746331214905,"z":0.1594630926847458,"w":0.29249313473701479},"size":3.204080820083618,"orthographic":false}