{"cameraMode":{"drawMode":0,"name":"Shaded","section":"Shading Mode"},"sceneLighting":false,"audioPlay":false,"sceneViewState":{"showFog":true,"showMaterialUpdate":false,"showSkybox":true,"showFlares":true,"showImageEffects":true,"showParticleSystems":true},"in2DMode":false,"pivot":{"x":-0.23315000534057618,"y":-0.030410289764404298,"z":-0.1514432430267334},"rotation":{"x":0.18436861038208009,"y":0.8061315417289734,"z":-0.4602780342102051,"w":0.3229618966579437},"size":6.645235538482666,"orthographic":false}