{"cameraMode":{"drawMode":0,"name":"Shaded","section":"Shading Mode"},"sceneLighting":true,"audioPlay":false,"sceneViewState":{"showFog":true,"showMaterialUpdate":false,"showSkybox":true,"showFlares":true,"showImageEffects":true,"showParticleSystems":true},"in2DMode":false,"pivot":{"x":-69.96981048583985,"y":1.853175163269043,"z":7.230001449584961},"rotation":{"x":-0.19961434602737428,"y":0.5368730425834656,"z":-0.1324477195739746,"w":-0.8089370727539063},"size":15.7149658203125,"orthographic":false}