{"cameraMode":{"drawMode":0,"name":"Shaded","section":"Shading Mode"},"sceneLighting":false,"audioPlay":false,"sceneViewState":{"showFog":true,"showMaterialUpdate":false,"showSkybox":true,"showFlares":true,"showImageEffects":true,"showParticleSystems":true},"in2DMode":false,"pivot":{"x":0.0,"y":3.0500001907348635,"z":8.899999618530274},"rotation":{"x":-0.01102280244231224,"y":-0.9886793494224548,"z":0.09349744766950607,"w":-0.11683288216590882},"size":8.573651313781739,"orthographic":false}