{"cameraMode":{"drawMode":0,"name":"Shaded","section":"Shading Mode"},"sceneLighting":false,"audioPlay":false,"sceneViewState":{"showFog":true,"showMaterialUpdate":false,"showSkybox":true,"showFlares":true,"showImageEffects":true,"showParticleSystems":true},"in2DMode":false,"pivot":{"x":-8.773866653442383,"y":0.12470793724060059,"z":8.144091606140137},"rotation":{"x":0.2738962173461914,"y":-0.08037763833999634,"z":0.022973133251070977,"w":0.9581193327903748},"size":0.6452344655990601,"orthographic":false}