{"cameraMode":{"drawMode":0,"name":"Shaded","section":"Shading Mode"},"sceneLighting":false,"audioPlay":false,"sceneViewState":{"showFog":true,"showMaterialUpdate":false,"showSkybox":true,"showFlares":true,"showImageEffects":true,"showParticleSystems":true},"in2DMode":false,"pivot":{"x":0.4495396614074707,"y":0.13254189491271974,"z":-0.8101691007614136},"rotation":{"x":0.20335663855075837,"y":-0.4206162691116333,"z":0.09733280539512634,"w":0.8787800669670105},"size":3.071721076965332,"orthographic":false}