{"cameraMode":{"drawMode":0,"name":"Shaded","section":"Shading Mode"},"sceneLighting":false,"audioPlay":false,"sceneViewState":{"showFog":true,"showMaterialUpdate":false,"showSkybox":true,"showFlares":true,"showImageEffects":true,"showParticleSystems":true},"in2DMode":false,"pivot":{"x":-5.944141387939453,"y":44.19786834716797,"z":4.928056716918945},"rotation":{"x":0.2907378077507019,"y":0.7072407007217407,"z":-0.48634815216064455,"w":0.42278560996055605},"size":9.070127487182618,"orthographic":false}