{"cameraMode":{"drawMode":0,"name":"Shaded","section":"Shading Mode"},"sceneLighting":false,"audioPlay":false,"sceneViewState":{"showFog":true,"showMaterialUpdate":false,"showSkybox":true,"showFlares":true,"showImageEffects":true,"showParticleSystems":true},"in2DMode":false,"pivot":{"x":0.027697747573256494,"y":0.5511910915374756,"z":0.6674699783325195},"rotation":{"x":0.06236345320940018,"y":0.003582068020477891,"z":-0.0002247404190711677,"w":0.9980470538139343},"size":2.5578837394714357,"orthographic":false}