{"cameraMode":{"drawMode":0,"name":"Shaded","section":"Shading Mode"},"sceneLighting":false,"audioPlay":false,"sceneViewState":{"showFog":true,"showMaterialUpdate":false,"showSkybox":true,"showFlares":true,"showImageEffects":true,"showParticleSystems":true},"in2DMode":false,"pivot":{"x":-2.206803798675537,"y":-2.752101421356201,"z":0.3490215539932251},"rotation":{"x":0.22640161216259004,"y":-0.5974069237709045,"z":0.1808803826570511,"w":0.7477496862411499},"size":7.970613479614258,"orthographic":false}