{"cameraMode":{"drawMode":0,"name":"Shaded","section":"Shading Mode"},"sceneLighting":false,"audioPlay":false,"sceneViewState":{"showFog":true,"showMaterialUpdate":false,"showSkybox":true,"showFlares":true,"showImageEffects":true,"showParticleSystems":true},"in2DMode":false,"pivot":{"x":-0.008058786392211914,"y":-0.04944582283496857,"z":0.04528893902897835},"rotation":{"x":0.21885350346565247,"y":-0.5485731959342957,"z":0.1514696627855301,"w":0.7926080822944641},"size":1.2468867301940919,"orthographic":false}