{"cameraMode":{"drawMode":0,"name":"Shaded","section":"Shading Mode"},"sceneLighting":false,"audioPlay":false,"sceneViewState":{"showFog":true,"showMaterialUpdate":false,"showSkybox":true,"showFlares":true,"showImageEffects":true,"showParticleSystems":true},"in2DMode":false,"pivot":{"x":-2.6928107738494875,"y":-2.094188690185547,"z":0.18846070766448975},"rotation":{"x":0.22640161216259004,"y":-0.5974069237709045,"z":0.1808803826570511,"w":0.7477496862411499},"size":6.827902793884277,"orthographic":false}