{"cameraMode":{"drawMode":0,"name":"Shaded","section":"Shading Mode"},"sceneLighting":false,"audioPlay":false,"sceneViewState":{"showFog":true,"showMaterialUpdate":false,"showSkybox":true,"showFlares":true,"showImageEffects":true,"showParticleSystems":true},"in2DMode":false,"pivot":{"x":0.9989185333251953,"y":44.83973693847656,"z":-1.1640496253967286},"rotation":{"x":0.029524631798267366,"y":0.9015324711799622,"z":-0.06230931729078293,"w":0.42718279361724856},"size":9.856823921203614,"orthographic":false}