{"cameraMode":{"drawMode":0,"name":"Shaded","section":"Shading Mode"},"sceneLighting":true,"audioPlay":false,"sceneViewState":{"showFog":true,"showMaterialUpdate":false,"showSkybox":true,"showFlares":true,"showImageEffects":true,"showParticleSystems":true},"in2DMode":false,"pivot":{"x":-4.056164741516113,"y":46.47895431518555,"z":7.940521240234375},"rotation":{"x":0.38851016759872439,"y":-0.3561370372772217,"z":-0.1660085916519165,"w":-0.8334671258926392},"size":3.7421157360076906,"orthographic":false}