{"cameraMode":{"drawMode":0,"name":"Shaded","section":"Shading Mode"},"sceneLighting":false,"audioPlay":false,"sceneViewState":{"showFog":true,"showMaterialUpdate":false,"showSkybox":true,"showFlares":true,"showImageEffects":true,"showParticleSystems":true},"in2DMode":false,"pivot":{"x":0.9731811881065369,"y":6.035525798797607,"z":-2.662832736968994},"rotation":{"x":0.332901269197464,"y":-0.3526860177516937,"z":0.1359066665172577,"w":0.863897442817688},"size":1.0578839778900147,"orthographic":false}