{"cameraMode":{"drawMode":0,"name":"Shaded","section":"Shading Mode"},"sceneLighting":true,"audioPlay":false,"sceneViewState":{"showFog":true,"showMaterialUpdate":false,"showSkybox":true,"showFlares":true,"showImageEffects":true,"showParticleSystems":true},"in2DMode":false,"pivot":{"x":-25.28321075439453,"y":57.146942138671878,"z":3.444953680038452},"rotation":{"x":-0.08432585746049881,"y":-0.8291348218917847,"z":0.13022646307945252,"w":-0.537090003490448},"size":6.9602789878845219,"orthographic":false}