{"cameraMode":{"drawMode":0,"name":"Shaded","section":"Shading Mode"},"sceneLighting":false,"audioPlay":false,"sceneViewState":{"showFog":true,"showMaterialUpdate":false,"showSkybox":true,"showFlares":true,"showImageEffects":true,"showParticleSystems":true},"in2DMode":false,"pivot":{"x":0.0,"y":3.0500001907348635,"z":8.899999618530274},"rotation":{"x":0.049563296139240268,"y":-0.9415746331214905,"z":0.1594630926847458,"w":0.29249313473701479},"size":8.573651313781739,"orthographic":false}