{"cameraMode":{"drawMode":0,"name":"Shaded","section":"Shading Mode"},"sceneLighting":true,"audioPlay":false,"sceneViewState":{"showFog":true,"showMaterialUpdate":false,"showSkybox":true,"showFlares":true,"showImageEffects":true,"showParticleSystems":true},"in2DMode":false,"pivot":{"x":440.61737060546877,"y":262.4102478027344,"z":-129.97036743164063},"rotation":{"x":-0.05747076869010925,"y":-0.5917236804962158,"z":0.04236000031232834,"w":-0.802973210811615},"size":563.7999267578125,"orthographic":false}