{"cameraMode":{"drawMode":0,"name":"Shaded","section":"Shading Mode"},"sceneLighting":false,"audioPlay":false,"sceneViewState":{"showFog":true,"showMaterialUpdate":false,"showSkybox":true,"showFlares":true,"showImageEffects":true,"showParticleSystems":true},"in2DMode":false,"pivot":{"x":-7.698249816894531,"y":-4.3618974685668949,"z":6.944021224975586},"rotation":{"x":-0.1356372833251953,"y":0.3983650505542755,"z":0.059665247797966,"w":0.9051783680915833},"size":60.01556396484375,"orthographic":false}