{"cameraMode":{"drawMode":0,"name":"Shaded","section":"Shading Mode"},"sceneLighting":false,"audioPlay":false,"sceneViewState":{"showFog":true,"showMaterialUpdate":false,"showSkybox":true,"showFlares":true,"showImageEffects":true,"showParticleSystems":true},"in2DMode":false,"pivot":{"x":469.7294921875,"y":129.72056579589845,"z":135.39761352539063},"rotation":{"x":-0.10137278586626053,"y":-0.3593771457672119,"z":0.03931237384676933,"w":-0.9268366694450378},"size":601.1102294921875,"orthographic":false}