{"cameraMode":{"drawMode":0,"name":"Shaded","section":"Shading Mode"},"sceneLighting":true,"audioPlay":false,"sceneViewState":{"showFog":true,"showMaterialUpdate":false,"showSkybox":true,"showFlares":true,"showImageEffects":true,"showParticleSystems":true},"in2DMode":false,"pivot":{"x":-26.28388214111328,"y":-12.934983253479004,"z":-20.86604118347168},"rotation":{"x":0.09020674228668213,"y":-0.9012135863304138,"z":0.3578758239746094,"w":0.2271602600812912},"size":32.4766960144043,"orthographic":false}