{"cameraMode":{"drawMode":0,"name":"Shaded","section":"Shading Mode"},"sceneLighting":false,"audioPlay":false,"sceneViewState":{"showFog":true,"showMaterialUpdate":false,"showSkybox":true,"showFlares":true,"showImageEffects":true,"showParticleSystems":true},"in2DMode":false,"pivot":{"x":540.0034790039063,"y":271.00225830078127,"z":0.474365234375},"rotation":{"x":0.00544294249266386,"y":-0.05429772660136223,"z":0.0002917841775342822,"w":0.9985100030899048},"size":781.5257568359375,"orthographic":false}