{"cameraMode":{"drawMode":0,"name":"Shaded","section":"Shading Mode"},"sceneLighting":true,"audioPlay":false,"sceneViewState":{"showFog":true,"showMaterialUpdate":false,"showSkybox":true,"showFlares":true,"showImageEffects":true,"showParticleSystems":true},"in2DMode":false,"pivot":{"x":-41.92793655395508,"y":-9.417631149291993,"z":-7.703184604644775},"rotation":{"x":0.2055325210094452,"y":-0.7856488823890686,"z":0.3410069942474365,"w":0.47352564334869387},"size":41.24437713623047,"orthographic":false}