{"cameraMode":{"drawMode":0,"name":"Shaded","section":"Shading Mode"},"sceneLighting":true,"audioPlay":false,"sceneViewState":{"showFog":true,"showMaterialUpdate":false,"showSkybox":true,"showFlares":true,"showImageEffects":true,"showParticleSystems":true},"in2DMode":false,"pivot":{"x":-24.668289184570314,"y":8.959695816040039,"z":0.03892993927001953},"rotation":{"x":-0.14000321924686433,"y":-0.8598811626434326,"z":0.3544221520423889,"w":-0.33968886733055117},"size":13.023905754089356,"orthographic":false}