{"cameraMode":{"drawMode":0,"name":"Shaded","section":"Shading Mode"},"sceneLighting":false,"audioPlay":false,"sceneViewState":{"showFog":true,"showMaterialUpdate":false,"showSkybox":true,"showFlares":true,"showImageEffects":true,"showParticleSystems":true},"in2DMode":false,"pivot":{"x":-1.7354226112365723,"y":4.781784534454346,"z":-5.989341735839844},"rotation":{"x":-0.0465892031788826,"y":-0.7481579780578613,"z":-0.05283159017562866,"w":0.6597711443901062},"size":4.957884311676025,"orthographic":false}