{"cameraMode":{"drawMode":0,"name":"Shaded","section":"Shading Mode"},"sceneLighting":false,"audioPlay":false,"sceneViewState":{"showFog":true,"showMaterialUpdate":false,"showSkybox":true,"showFlares":true,"showImageEffects":true,"showParticleSystems":true},"in2DMode":false,"pivot":{"x":-2.8797574043273927,"y":5.753785610198975,"z":-2.978879928588867},"rotation":{"x":0.025015095248818399,"y":-0.841958224773407,"z":0.039180781692266467,"w":0.53753662109375},"size":9.259415626525879,"orthographic":false}