{"cameraMode":{"drawMode":0,"name":"Shaded","section":"Shading Mode"},"sceneLighting":false,"audioPlay":false,"sceneViewState":{"showFog":true,"showMaterialUpdate":false,"showSkybox":true,"showFlares":true,"showImageEffects":true,"showParticleSystems":true},"in2DMode":false,"pivot":{"x":-3.5565452575683595,"y":48.335262298583987,"z":0.9242355823516846},"rotation":{"x":0.6383503079414368,"y":-0.07992030680179596,"z":0.06689336150884628,"w":0.762657880783081},"size":10.191513061523438,"orthographic":false}