{"cameraMode":{"drawMode":0,"name":"Shaded","section":"Shading Mode"},"sceneLighting":false,"audioPlay":false,"sceneViewState":{"showFog":true,"showMaterialUpdate":false,"showSkybox":true,"showFlares":true,"showImageEffects":true,"showParticleSystems":true},"in2DMode":false,"pivot":{"x":3.491645097732544,"y":55.98656463623047,"z":-8.154147148132325},"rotation":{"x":-0.042493730783462527,"y":-0.9259932041168213,"z":0.10968586057424545,"w":-0.35874760150909426},"size":2.9579131603240969,"orthographic":false}