{"cameraMode":{"drawMode":0,"name":"Shaded","section":"Shading Mode"},"sceneLighting":false,"audioPlay":false,"sceneViewState":{"showFog":true,"showMaterialUpdate":false,"showSkybox":true,"showFlares":true,"showImageEffects":true,"showParticleSystems":true},"in2DMode":false,"pivot":{"x":-21.59839630126953,"y":5.0654706954956059,"z":-3.768157720565796},"rotation":{"x":-0.15095776319503785,"y":-0.5476359128952026,"z":0.10125238448381424,"w":-0.8167341351509094},"size":5.7707085609436039,"orthographic":false}