{"cameraMode":{"drawMode":0,"name":"Shaded","section":"Shading Mode"},"sceneLighting":false,"audioPlay":false,"sceneViewState":{"showFog":true,"showMaterialUpdate":false,"showSkybox":true,"showFlares":true,"showImageEffects":true,"showParticleSystems":true},"in2DMode":false,"pivot":{"x":-7.698249816894531,"y":-4.3618974685668949,"z":6.944021224975586},"rotation":{"x":-0.24515791237354279,"y":0.549243152141571,"z":-0.17262393236160279,"w":-0.7800196409225464},"size":60.01556396484375,"orthographic":false}