{"cameraMode":{"drawMode":0,"name":"Shaded","section":"Shading Mode"},"sceneLighting":false,"audioPlay":false,"sceneViewState":{"showFog":true,"showMaterialUpdate":false,"showSkybox":true,"showFlares":true,"showImageEffects":true,"showParticleSystems":true},"in2DMode":false,"pivot":{"x":360.7558898925781,"y":235.9594268798828,"z":73.28564453125},"rotation":{"x":-0.10137278586626053,"y":-0.3593771457672119,"z":0.03931237384676933,"w":-0.9268366694450378},"size":582.7820434570313,"orthographic":false}