{"cameraMode":{"drawMode":0,"name":"Shaded","section":"Shading Mode"},"sceneLighting":false,"audioPlay":false,"sceneViewState":{"showFog":true,"showMaterialUpdate":false,"showSkybox":true,"showFlares":true,"showImageEffects":true,"showParticleSystems":true},"in2DMode":false,"pivot":{"x":9.040433883666993,"y":1.2293827533721924,"z":8.780426025390625},"rotation":{"x":0.21111786365509034,"y":0.4525742828845978,"z":-0.11120755225419998,"w":0.8592081069946289},"size":2.745234251022339,"orthographic":false}