{"cameraMode":{"drawMode":0,"name":"Shaded","section":"Shading Mode"},"sceneLighting":false,"audioPlay":false,"sceneViewState":{"showFog":true,"showMaterialUpdate":false,"showSkybox":true,"showFlares":true,"showImageEffects":true,"showParticleSystems":true},"in2DMode":false,"pivot":{"x":-25.349796295166017,"y":-7.917938232421875,"z":4.792444229125977},"rotation":{"x":-0.24515791237354279,"y":0.549243152141571,"z":-0.17262393236160279,"w":-0.7800196409225464},"size":44.043487548828128,"orthographic":false}