{"cameraMode":{"drawMode":0,"name":"Shaded","section":"Shading Mode"},"sceneLighting":false,"audioPlay":false,"sceneViewState":{"showFog":true,"showMaterialUpdate":false,"showSkybox":true,"showFlares":true,"showImageEffects":true,"showParticleSystems":true},"in2DMode":false,"pivot":{"x":-7.940000057220459,"y":2.4800000190734865,"z":-1.1799999475479127},"rotation":{"x":0.018309153616428376,"y":0.012905258685350418,"z":-0.00023591845820192248,"w":0.9997491240501404},"size":3.7578847408294679,"orthographic":false}