{"cameraMode":{"drawMode":0,"name":"Shaded","section":"Shading Mode"},"sceneLighting":false,"audioPlay":false,"sceneViewState":{"showFog":true,"showMaterialUpdate":false,"showSkybox":true,"showFlares":true,"showImageEffects":true,"showParticleSystems":true},"in2DMode":false,"pivot":{"x":1.6247726678848267,"y":1.7439767122268677,"z":-0.5182819366455078},"rotation":{"x":0.018309153616428376,"y":0.012905258685350418,"z":-0.00023591845820192248,"w":0.9997491240501404},"size":8.421554565429688,"orthographic":false}