{"cameraMode":{"drawMode":0,"name":"Shaded","section":"Shading Mode"},"sceneLighting":false,"audioPlay":false,"sceneViewState":{"showFog":true,"showMaterialUpdate":false,"showSkybox":true,"showFlares":true,"showImageEffects":true,"showParticleSystems":true},"in2DMode":false,"pivot":{"x":483.09320068359377,"y":449.3684997558594,"z":98.94291687011719},"rotation":{"x":-0.19230997562408448,"y":0.1934678852558136,"z":-0.03869854658842087,"w":-0.9612957239151001},"size":335.9999694824219,"orthographic":false}