{"cameraMode":{"drawMode":0,"name":"Shaded","section":"Shading Mode"},"sceneLighting":false,"audioPlay":false,"sceneViewState":{"showFog":true,"showMaterialUpdate":false,"showSkybox":true,"showFlares":true,"showImageEffects":true,"showParticleSystems":true},"in2DMode":false,"pivot":{"x":1.173228144645691,"y":4.88435173034668,"z":-1.4605484008789063},"rotation":{"x":-0.2642000615596771,"y":0.34060364961624148,"z":-0.10035017877817154,"w":-0.8967259526252747},"size":0.3007073998451233,"orthographic":false}