{"cameraMode":{"drawMode":0,"name":"Shaded","section":"Shading Mode"},"sceneLighting":false,"audioPlay":false,"sceneViewState":{"showFog":true,"showMaterialUpdate":false,"showSkybox":true,"showFlares":true,"showImageEffects":true,"showParticleSystems":true},"in2DMode":false,"pivot":{"x":-2.7799999713897707,"y":7.630000114440918,"z":-1.2999999523162842},"rotation":{"x":0.3491928279399872,"y":0.09897345304489136,"z":-0.03711961582303047,"w":0.9310696721076965},"size":2.8578836917877199,"orthographic":false}