{"cameraMode":{"drawMode":0,"name":"Shaded","section":"Shading Mode"},"sceneLighting":false,"audioPlay":false,"sceneViewState":{"showFog":true,"showMaterialUpdate":false,"showSkybox":true,"showFlares":true,"showImageEffects":true,"showParticleSystems":true},"in2DMode":false,"pivot":{"x":10.636640548706055,"y":-0.014584064483642578,"z":8.623247146606446},"rotation":{"x":-0.18602614104747773,"y":-0.7941418290138245,"z":0.29783934354782107,"w":-0.49600887298583987},"size":5.4711594581604,"orthographic":false}