{"cameraMode":{"drawMode":0,"name":"Shaded","section":"Shading Mode"},"sceneLighting":true,"audioPlay":false,"sceneViewState":{"showFog":true,"showMaterialUpdate":false,"showSkybox":true,"showFlares":true,"showImageEffects":true,"showParticleSystems":true},"in2DMode":false,"pivot":{"x":-5.816431045532227,"y":45.898799896240237,"z":4.010583877563477},"rotation":{"x":-0.046776656061410907,"y":0.5932279825210571,"z":0.03455900773406029,"w":0.8029310703277588},"size":9.855597496032715,"orthographic":false}