{"cameraMode":{"drawMode":0,"name":"Shaded","section":"Shading Mode"},"sceneLighting":false,"audioPlay":false,"sceneViewState":{"showFog":true,"showMaterialUpdate":false,"showSkybox":true,"showFlares":true,"showImageEffects":true,"showParticleSystems":true},"in2DMode":false,"pivot":{"x":1.350000023841858,"y":1.7599999904632569,"z":-1.1799999475479127},"rotation":{"x":0.44189903140068056,"y":0.20477262139320374,"z":-0.10435532033443451,"w":0.8671236634254456},"size":3.457883834838867,"orthographic":false}