{"cameraMode":{"drawMode":0,"name":"Shaded","section":"Shading Mode"},"sceneLighting":false,"audioPlay":false,"sceneViewState":{"showFog":true,"showMaterialUpdate":false,"showSkybox":true,"showFlares":true,"showImageEffects":true,"showParticleSystems":true},"in2DMode":false,"pivot":{"x":5.046731948852539,"y":3.806629180908203,"z":0.7101348638534546},"rotation":{"x":0.32102397084236147,"y":0.6640411615371704,"z":-0.3835732936859131,"w":0.5557557940483093},"size":4.410962104797363,"orthographic":false}