{"cameraMode":{"drawMode":0,"name":"Shaded","section":"Shading Mode"},"sceneLighting":false,"audioPlay":false,"sceneViewState":{"showFog":true,"showMaterialUpdate":false,"showSkybox":true,"showFlares":true,"showImageEffects":true,"showParticleSystems":true},"in2DMode":false,"pivot":{"x":702.3745727539063,"y":297.57525634765627,"z":122.15444946289063},"rotation":{"x":0.23960840702056886,"y":-0.2608567774295807,"z":0.0670045018196106,"w":0.932765781879425},"size":722.5173950195313,"orthographic":false}