{"cameraMode":{"drawMode":0,"name":"Shaded","section":"Shading Mode"},"sceneLighting":true,"audioPlay":false,"sceneViewState":{"showFog":true,"showMaterialUpdate":false,"showSkybox":true,"showFlares":true,"showImageEffects":true,"showParticleSystems":true},"in2DMode":false,"pivot":{"x":0.1813812255859375,"y":6.256301403045654,"z":-4.688056468963623},"rotation":{"x":0.18318486213684083,"y":-0.649205207824707,"z":0.16529196500778199,"w":0.7194821238517761},"size":11.014045715332032,"orthographic":false}