{"cameraMode":{"drawMode":0,"name":"Shaded","section":"Shading Mode"},"sceneLighting":true,"audioPlay":false,"sceneViewState":{"showFog":true,"showMaterialUpdate":false,"showSkybox":true,"showFlares":true,"showImageEffects":true,"showParticleSystems":true},"in2DMode":false,"pivot":{"x":-7.011045455932617,"y":47.60970687866211,"z":1.1242256164550782},"rotation":{"x":0.18299292027950288,"y":-0.4357847571372986,"z":0.09097711741924286,"w":0.8765434622764587},"size":43.02961730957031,"orthographic":false}