{"cameraMode":{"drawMode":0,"name":"Shaded","section":"Shading Mode"},"sceneLighting":true,"audioPlay":false,"sceneViewState":{"showFog":true,"showMaterialUpdate":false,"showSkybox":true,"showFlares":true,"showImageEffects":true,"showParticleSystems":true},"in2DMode":false,"pivot":{"x":0.9619824886322022,"y":4.632030487060547,"z":-1.996126413345337},"rotation":{"x":0.08107035607099533,"y":-0.9114493727684021,"z":0.21755747497081757,"w":0.3396414518356323},"size":6.35642671585083,"orthographic":false}