{"cameraMode":{"drawMode":0,"name":"Shaded","section":"Shading Mode"},"sceneLighting":true,"audioPlay":false,"sceneViewState":{"showFog":true,"showMaterialUpdate":false,"showSkybox":true,"showFlares":true,"showImageEffects":true,"showParticleSystems":true},"in2DMode":false,"pivot":{"x":-3.746183395385742,"y":42.54623794555664,"z":8.371922492980957},"rotation":{"x":-0.48225995898246767,"y":-0.23730328679084779,"z":0.13755424320697785,"w":-0.8319804072380066},"size":8.607197761535645,"orthographic":false}